{
  "a_mm": 0.0073504606856145,
  "Rout_mm": 663.1534352203563,
  "r_neck_mm": 388.5819407825038,
  "zMin_mm": 0.0,
  "zMax_mm": 2406.0379177903556,
  "r_max_mm": 496.96087960622657,
  "I_A": 73635.55228551528,
  "spacing_mm": 2946.385957169826,
  "n_events": 10000.0,
  "N_out": 143.0,
  "eta_trans": 0.0143,
  "eps_x": 77.68588256835938,
  "eps_y": 82.8443832397461,
  "epsn_x": 71.11224365234375,
  "epsn_y": 75.83423614501953,
  "beta_x": 374.9669799804687,
  "alpha_x": -0.3268256187438965,
  "beta_y": 382.1416320800781,
  "alpha_y": -0.3692806959152221,
  "sigma_x_mm": 170.674072265625,
  "sigma_y_mm": 177.92776489257812,
  "sigma_xp": 0.4788638651371002,
  "sigma_yp": 0.4963395595550537,
  "sigma_theta_rms": 0.4876799881458282,
  "eps_4D": 6435.8388671875,
  "eps_acc_x": 1.4409074822197e-07,
  "eps_acc_y": 1.4138547044240113e-07,
  "gamma_rel": 1.3557004928588867,
  "beta_rel": 0.6752094626426697,
  "epsn_mean": 73.47323989868164,
  "particle_count": 143.0,
  "emittance": 73.47323989868164,
  "objective": -14.683207979736329,
  "transmission": 0.0143,
  "focusing_strength": 25780.44303323658,
  "compression_ratio": 1.2789088412227174
}